PROPERTY_ID,ADDRESS,PROPERTY_TYPE,LOT_SIZE,LATITUDE,LONGITUDE,TOTAL_VALUE,LAND_VALUE,BUILDING_VALUE,GROSS_AREA,YEAR_BUILT,BUILDING_AGE,NEIGHBORHOOD,USE_CODE,TAX_STATUS,CONDO_FLAG
154-73,1749 Massachusetts Ave,GEN-OFFICE,3382.0,42.38469798249467,-71.11903631455134,,,,,,,8.0,340,,False
133-15,1208-1210 Massachusetts Ave,RETAIL-OFFIC,3118.0,42.371853487312244,-71.11541498412934,,,,,,,7.0,345,,False
117-29,875 Massachusetts Ave,OFFICE-CONDO,9265.0,42.367925680387785,-71.10726678995668,,,,,,,6.0,343,,False
174-26,1692 Massachusetts Ave,GEN-OFFICE,6397.0,42.382871554410755,-71.11999731983504,,,,,,,9.0,340,,False
174-32,1678 Massachusetts Ave,MULTIUSE-COM,2562.0,42.38237856405532,-71.12010315886837,,,,,,,9.0,31,,False
90-169,617 Massachusetts Ave,RETAIL-OFFIC,25569.0,42.36564652528508,-71.10293795716362,,,,,,,4.0,345,,False
121-113,1000 Massachusetts Ave,Private College,39511.0,42.368737728087396,-71.11083322580915,,,,,,,7.0,942,Educ NonTax,False
156-24,1663 Massachusetts Ave,Higher Ed and Comm Mixed,12951.0,42.38188745558332,-71.11929270220531,,,,,,,8.0,942,Educ NonTax,False
92-117,408 Massachusetts Ave,Charitable Services,27000.0,42.36309499166503,-71.10058333602541,,,,,,,5.0,957,Religious NonTax,False
134-56,1105 Massachusetts Ave,MULTIUSE-RES,31016.0,42.370704974068744,-71.11316771794078,,,,,,,6.0,13,,True
69-159,350 Massachusetts Ave,INV-OFFICE,24684.0,42.36240273512264,-71.09963062045425,,,,,,,5.0,346,,False
92-57,380 Massachusetts Ave,Government Operations,10000.0,42.36294088112463,-71.10015509295548,,,,,,,5.0,930,City NonTax,False
105-68,744 Massachusetts Ave,RETAIL-STORE,11449.0,42.36605195422651,-71.10545147632855,,,,,,,7.0,325,,False
116-68,991 Massachusetts Ave,MXD >8-UNIT-APT,5000.0,42.36945197074057,-71.11091957314761,,,,,,,6.0,112,,False
181-207,1989 Massachusetts Ave,MXD >8-UNIT-APT,50485.0,42.39078159353434,-71.12100567464431,,,,,,,11.0,112,,True
155-42,1685 Massachusetts Ave,RETAIL-STORE,5786.0,42.382822778534056,-71.11935575953025,,,,,,,8.0,325,,False
116-98,929 Massachusetts Ave,MULTIUSE-RES,26268.0,42.36898543381626,-71.10887310238328,,,,,,,6.0,13,,False
121-94,1028 Massachusetts Ave,RETAIL-OFFIC,22556.0,42.369415225495125,-71.11228160730613,,,,,,,7.0,345,,False
155-32,1699 Massachusetts Ave,MXD >8-UNIT-APT,13035.0,42.38307087890626,-71.11912740155746,,,,,,,8.0,112,,False
179-52,1979 Massachusetts Ave,MXD >8-UNIT-APT,5832.0,42.390353023988496,-71.12068219754387,,,,,,,11.0,112,,True
116-12,1003 Massachusetts Ave,RETAIL-STORE,23648.0,42.369687813636205,-71.11122766229747,,,,,,,6.0,325,,False
93-75,536 Massachusetts Ave,RETAIL-OFFIC,6058.0,42.36419134928853,-71.10231751135387,,,,,,,5.0,345,Other NonTax,False
178-106,1986 Massachusetts Ave,GEN-OFFICE,7972.0,42.39005337092466,-71.12108072092873,,,,,,,11.0,340,,False
174-36,1670 Massachusetts Ave,RETAIL-STORE,5750.0,42.38208014940651,-71.12007117763031,,,,,,,9.0,325,,False
93-76,522 Massachusetts Ave,RETAIL-STORE,4473.0,42.36413650305133,-71.1021459595976,,,,,,,5.0,325,,False
119-7,878 Massachusetts Ave,MULTIUSE-RES,9850.0,42.36756384372414,-71.10803030868344,,,,,,,7.0,13,,False
174-31,1680 Massachusetts Ave,RETAIL-OFFIC,2885.0,42.38244476970382,-71.12008778018743,,,,,,,9.0,345,,False
117-23,891 Massachusetts Ave,>8-UNIT-APT,5017.0,42.36825284274556,-71.10797356640995,,,,,,,6.0,112,,False
156-26,1637-1653 Massachusetts Ave,Private College Res Units,42820.0,42.38123448940702,-71.11927102553473,,,,,,,8.0,9421,Educ NonTax,False
199-32,2130 Massachusetts Ave,MXD >8-UNIT-APT,39199.0,42.39172195880485,-71.12453770500571,,,,,,,11.0,112,,True
157-39,1619 Massachusetts Ave,MXD >8-UNIT-APT,14080.0,42.38038358369073,-71.11932145269176,,,,,,,8.0,112,,True
177-79,1840 Massachusetts Ave,PARKING-LOT,13263.0,42.38755622230179,-71.1195546711755,,,,,,,9.0,337,,False
175-68,1734 Massachusetts Ave,GEN-OFFICE,10519.0,42.38432512184355,-71.11991420369613,,,,,,,9.0,340,,False
53-59,149 Massachusetts Ave,Private College,15273.0,42.3608313140556,-71.09562082285707,,,,,,,4.0,942,Educ NonTax,False
119-90,910 Massachusetts Ave,RETAIL-CONDO,5326.0,42.368161153706794,-71.10869408205932,,,,,,,7.0,327,,False
160-74,1328 Massachusetts Ave,MXD 4-8-UNIT-APT,2029.0,42.372831336231094,-71.11792903332692,,,,,,,7.0,111,,False
119-9,860 Massachusetts Ave,MXD >8-UNIT-APT,35914.0,42.36721495976062,-71.10729070838707,,,,,,,7.0,112,,True
91-195,453 Massachusetts Ave,PARKING-LOT,27800.0,42.36417368769274,-71.10020018952315,,,,,,,4.0,337,City NonTax,False
93-81,492 Massachusetts Ave,MXD >8-UNIT-APT,4147.0,42.36384642419921,-71.10175216270125,,,,,,,5.0,112,,False
117-1,907 Massachusetts Ave,GEN-OFFICE,5111.0,42.368520037213514,-71.10836974853724,,,,,,,6.0,340,,False
178-1,2000 Massachusetts Ave,RETAIL-OFFIC,8969.0,42.3902317621417,-71.12143773797571,,,,,,,11.0,345,,False
160-25,1304 Massachusetts Ave,MXD >8-UNIT-APT,9116.0,42.372754857154156,-71.11748127397219,,,,,,,7.0,112,,False
90-170,641 Massachusetts Ave,RETAIL-OFFIC,19577.0,42.36580054274533,-71.10304273526933,,,,,,,4.0,345,,False
91-118,515 Massachusetts Ave,BANK,9189.0,42.36451905731942,-71.10161468281288,,,,,,,4.0,341,,False
172-104,1570 Massachusetts Ave,SNGL-FAM-RES,1998.0,42.37875524733567,-71.12056614535956,,,,,,,9.0,101,,False
157-26,1607 Massachusetts Ave,RETAIL-STORE,8377.0,42.38016106778192,-71.11950270371347,,,,,,,8.0,325,,False
107-9,731 Massachusetts Ave,RETAIL-STORE,9926.0,42.36653803261582,-71.10504044290862,,,,,,,6.0,325,,False
90-155,561 Massachusetts Ave,RETAIL-STORE,14381.0,42.36479084044227,-71.1020278056514,,,,,,,4.0,325,,False
93-74,544 Massachusetts Ave,RETAIL-OFFIC,4391.0,42.36428917299413,-71.10243122928382,,,,,,,5.0,345,,False
178-91,1876 Massachusetts Ave,RETAIL-OFFIC,4228.0,42.38827695526066,-71.11973568147155,,,,,,,9.0,345,,False
90-133,583 Massachusetts Ave,RETAIL-OFFIC,18218.0,42.36531370446843,-71.10234335372694,,,,,,,4.0,345,,False
158-28,1555 Massachusetts Ave,Religious,11248.0,42.37790650646593,-71.11973449320625,,,,,,,8.0,960,Religious NonTax,False
172-12,1572 Massachusetts Ave,>8-UNIT-APT,12860.0,42.378912971729314,-71.12076459880713,,,,,,,9.0,112,,True
154-89,1741 Massachusetts Ave,RETAIL-STORE,3600.0,42.38458162513277,-71.11910431988984,,,,,,,8.0,325,,False
155-39,1713-5 Massachusetts Ave,4-8-UNIT-APT,14500.0,42.383549695796106,-71.1189891256042,,,,,,,8.0,111,Authority NonTax,False
134-32,1039 Massachusetts Ave,>8-UNIT-APT,11133.0,42.3701299428566,-71.11236779340796,,,,,,,6.0,112,,False
174-63,1686 Massachusetts Ave,RES-UDV-LAND,262.0,42.3826387741726,-71.12020746679302,,,,,,,9.0,132,,False
152-55,1853-1875 Massachusetts Ave,MBTA/Railroad,15268.0,42.38826340754585,-71.11908141886602,,,,,,,11.0,975,State NonTax,False
172-36,1573 Massachusetts Ave,Parklands,13180.0,42.3781002430506,-71.12039912330384,,,,,,,9.0,920,City NonTax,False
91-208,493-507 Massachusetts Ave,RETAIL-OFFIC,21698.0,42.36447972767728,-71.101177197394,,,,,,,4.0,345,,False
173-48,1654 Massachusetts Ave,MXD >8-UNIT-APT,17024.0,42.38162673874411,-71.12005796305276,,,,,,,9.0,112,,False
154-111,1759 Massachusetts Ave,RETAIL-CONDO,4664.0,42.385217792038894,-71.11904772338836,,,,,,,8.0,327,,False
107-135,689 Massachusetts Ave,RETAIL-OFFIC,9788.0,42.36606380066659,-71.1042783698665,,,,,,,6.0,345,Religious NonTax,False
70-98,355 Massachusetts Ave,Private College,12159.0,42.36307257838648,-71.09916932569774,,,,,,,4.0,942,Educ NonTax,False
172-73,1580 Massachusetts Ave,>8-UNIT-APT,20080.0,42.37931047815378,-71.1206873031822,,,,,,,9.0,112,,True
171-1,1500 Massachusetts Ave,Parklands,370784.0,42.37727047201469,-71.12261945850281,,,,,,,9.0,920,City NonTax,False
119-92,844 Massachusetts Ave,Religious,8137.0,42.36705068284543,-71.10701314273571,,,,,,,7.0,960,Religious NonTax,False
117-64,881 Massachusetts Ave,>8-UNIT-APT,10000.0,42.36810359763383,-71.10773310739408,,,,,,,6.0,112,,False
116-94,983R Massachusetts Ave,RETAIL-STORE,5000.0,42.36940118418878,-71.11073590381166,,,,,,,6.0,325,,False
105-81,706 Massachusetts Ave,RETAIL-OFFIC,13267.0,42.365667756499725,-71.10476081415729,,,,,,,7.0,345,,False
199-90,2106 Massachusetts Ave,RETAIL-STORE,5969.0,42.391469108764525,-71.12389657105066,,,,,,,11.0,325,,False
177-34,1868 Massachusetts Ave,HOTEL,13370.0,42.38788739362033,-71.11965214140947,,,,,,,9.0,300,,False
153-88,1791 Massachusetts Ave,>8-UNIT-APT,21779.0,42.38619315760366,-71.11855947427487,,,,,,,8.0,112,,False
175-84,1712 Massachusetts Ave,EATING-ESTBL,6750.0,42.383546697911996,-71.11984855510966,,,,,,,9.0,326,,False
70-91,323 Massachusetts Ave,RETAIL-STORE,6272.0,42.36259234626355,-71.0986073233111,,,,,,,4.0,325,,False
70-51,233 Massachusetts Ave,Higher Ed and Comm Mixed,7360.0,42.36177101104604,-71.09720349156746,,,,,,,4.0,942,,False
181-52,2039 Massachusetts Ave,Government Operations,9532.0,42.3909894646649,-71.12195064577321,,,,,,,11.0,930,City NonTax,False
178-79,1920 Massachusetts Ave,EATING-ESTBL,3409.0,42.38900309850975,-71.12000427700151,,,,,,,11.0,326,,False
160-14,1336-1362 Massachusetts Ave,RETAIL-OFFIC,75894.0,42.37259023404723,-71.11867455988259,,,,,,,7.0,345,Educ NonTax,False
121-6,1010 Massachusetts Ave,>8-UNIT-APT,27200.0,42.36909682384198,-71.11192132024325,,,,,,,7.0,112,,False
176-13,1800-2 Massachusetts Ave,>8-UNIT-APT,30067.0,42.38637072873971,-71.11961351992743,,,,,,,9.0,112,,True
174-37,1664-1668 Massachusetts Ave,RETAIL-STORE,6918.0,42.3819141512643,-71.12010863457358,,,,,,,9.0,325,,False
90-125,571 Massachusetts Ave,EATING-ESTBL,1882.0,42.36494794385452,-71.10232447131749,,,,,,,4.0,326,,False
121-2,1050 Massachusetts Ave,RETAIL-OFFIC,20384.0,42.3697226526562,-71.11302424523073,,,,,,,7.0,345,,False
134-33,1045 Massachusetts Ave,RETAIL-STORE,10501.0,42.37021094019479,-71.11259523715741,,,,,,,6.0,325,,False
117-28,901 Massachusetts Ave,4-8-UNIT-APT,3120.0,42.36841458496796,-71.10831616552008,,,,,,,6.0,111,,False
119-5,892 Massachusetts Ave,PARKING-LOT,5520.0,42.367836870421364,-71.10831459342054,,,,,,,7.0,337,,False
117-56,859 Massachusetts Ave,GEN-OFFICE,5049.0,42.36767009275619,-71.1068997048038,,,,,,,6.0,340,,False
153-14,1771 Massachusetts Ave,MULTIUSE-COM,5320.0,42.3854699519317,-71.11890244376127,,,,,,,8.0,31,,True
176-64,1764 Massachusetts Ave,RETAIL-CONDO,7467.0,42.385337800140086,-71.11963228793846,,,,,,,9.0,327,,False
181-80,2041-2059 Massachusetts Ave,GAS-STATION,16977.0,42.39132772782364,-71.12224201767427,,,,,,,11.0,334,,False
154-101,1725 Massachusetts Ave,GAS-STATION,12008.0,42.384047018500446,-71.11909205591189,,,,,,,8.0,334,,False
68-50,220 Massachusetts Ave,INV-OFFICE,8709.0,42.361138706666274,-71.09699432589883,,,,,,,5.0,346,,False
90-52,605 Massachusetts Ave,RETAIL-OFFIC,917.0,42.36519966737505,-71.10290846128123,,,,,,,4.0,345,,False
172-102,1560 Massachusetts Ave,SNGL-FAM-RES,1411.0,42.37862460223847,-71.12064135068083,,,,,,,9.0,101,,False
91-191,465 Massachusetts Ave,EATING-ESTBL,3528.0,42.36402135066279,-71.10084327014509,,,,,,,4.0,326,,False
134-7,1131 Massachusetts Ave,HOTEL,6384.0,42.37107507971725,-71.11373595483686,,,,,,,6.0,300,,False
174-62,1686 Massachusetts Ave,MULTIUSE-RES,2410.0,42.38265629271021,-71.12004162582299,,,,,,,9.0,13,,False
119-8,872 Massachusetts Ave,MXD >8-UNIT-APT,23203.0,42.367381163199745,-71.10791158005007,,,,,,,7.0,112,,False
69-161,266 Massachusetts Ave,GAS-STATION,5958.0,42.36169477014823,-71.0980431478777,,,,,,,5.0,334,,False
133-52,1234-1238 Massachusetts Ave,EATING-ESTBL,2186.0,42.372336435119365,-71.11606345389743,,,,,,,7.0,326,,False
120-74,930 Massachusetts Ave,GEN-OFFICE,3070.0,42.368391516345596,-71.10936797084216,,,,,,,7.0,340,,False
69-148,294-310 Massachusetts Ave,HIGH-TECH,50447.0,42.36213040075882,-71.0989202538591,,,,,,,5.0,406,Educ NonTax,False
133-27,1132 Massachusetts Ave,RETAIL-OFFIC,1510.0,42.37078957903567,-71.1141971556144,,,,,,,7.0,345,,False
118-1,847 Massachusetts Ave,GEN-OFFICE,4839.0,42.36756774323631,-71.1066746204123,,,,,,,6.0,340,,False
119-101,900 Massachusetts Ave,>8-UNIT-APT,4257.0,42.367963627231305,-71.1086474345151,,,,,,,7.0,112,,False
107-8,711 Massachusetts Ave,HOTEL,10570.0,42.36629824494118,-71.10459126054883,,,,,,,6.0,300,,False
181-88,2067 Massachusetts Ave,RETAIL-OFFIC,78646.0,42.39194509549098,-71.12252077600638,,,,,,,11.0,345,,False
119-82,888 Massachusetts Ave,>8-UNIT-APT,11239.0,42.36772845204892,-71.10814950028752,,,,,,,7.0,112,,False
117-24,897 Massachusetts Ave,MXD SNGL-FAM-RES,3194.0,42.36830280770828,-71.10810706432184,,,,,,,6.0,101,,False
116-99,931 Massachusetts Ave,>8-UNIT-APT,19078.0,42.36887825110227,-71.10922253613779,,,,,,,6.0,112,,True
90-161,647-655 Massachusetts Ave,RETAIL-OFFIC,8628.0,42.365694476765505,-71.10351849189975,,,,,,,4.0,345,,False
181-37,2101 Massachusetts Ave,>8-UNIT-APT,6316.0,42.391838798237266,-71.12338973080789,,,,,,,11.0,112,,True
155-33,1705 Massachusetts Ave,Private College,21528.0,42.38326941123392,-71.11886763612533,,,,,,,8.0,942,Educ NonTax,False
200-47,2024 Massachusetts Ave,MXD 4-8-UNIT-APT,5000.0,42.39048501529348,-71.12198381288937,,,,,,,11.0,111,,False
174-25,1696 Massachusetts Ave,MEDICAL-OFFC,8300.0,42.38303208656792,-71.12009095532495,,,,,,,9.0,342,,False
173-75,1640 Massachusetts Ave,MULTIUSE-COM,6538.0,42.38115722319052,-71.12025271695245,,,,,,,9.0,31,,False
174-66,1684 Massachusetts Ave,MULTIUSE-COM,2362.0,42.38259036418824,-71.12002049984332,,,,,,,9.0,31,,False
106-105,632 Massachusetts Ave,MXD >8-UNIT-APT,33254.0,42.36497147730273,-71.10402694186408,,,,,,,5.0,112,,False
152-51,1815 Massachusetts Ave,Higher Ed and Comm Mixed,108636.0,42.387323494296375,-71.1186400368896,,,,,,,8.0,942,Educ NonTax,False
177-71,1826 Massachusetts Ave,PARKING-LOT,12007.0,42.3871654670845,-71.11943115958823,,,,,,,9.0,337,,False
157-69,1525 Massachusetts Ave,Private College,1210316.0,42.37730167455329,-71.11841328072352,,,,,,,8.0,942,Educ NonTax,False
133-28,1130 Massachusetts Ave,GEN-OFFICE,1646.0,42.37075254087723,-71.11411636722863,,,,,,,7.0,340,,False
116-100,975 Massachusetts Ave,GAS-STATION,8000.0,42.36924384283507,-71.1104072622836,,,,,,,6.0,334,,False
107-1,757 Massachusetts Ave,MULTIUSE-COM,6620.0,42.366644984190806,-71.10522158405588,,,,,,,6.0,31,,False
154-97,1735 Massachusetts Ave,RETAIL-STORE,5847.0,42.38433133073005,-71.1191380827456,,,,,,,8.0,325,,False
169-5,1456 Massachusetts Ave,Cemeteries,85858.0,42.374918474673464,-71.11996840994294,,,,,,,10.0,953,City NonTax,False
133-31,1110-1114 Massachusetts Ave,MXD THREE-FM-RES,1566.0,42.3705659008631,-71.11386513286453,,,,,,,7.0,105,,False
173-65,1642 Massachusetts Ave,RETAIL-STORE,2701.0,42.381182927281124,-71.1200314633537,,,,,,,9.0,325,,False
175-77,1718 Massachusetts Ave,GEN-OFFICE,3309.0,42.38381637402394,-71.12018178345885,,,,,,,9.0,340,,False
93-78,516 Massachusetts Ave,RETAIL-STORE,7363.0,42.36397726166855,-71.10211680412284,,,,,,,5.0,325,,False
133-41,1168 Massachusetts Ave,MXD >8-UNIT-APT,4327.0,42.37134743324897,-71.11479005050094,,,,,,,7.0,112,,True
90-70,599 Massachusetts Ave,RETAIL-OFFIC,5643.0,42.36517937940821,-71.10272443581609,,,,,,,4.0,345,,False
160-58,1378 Massachusetts Ave,BANK,5455.0,42.37314238560565,-71.11900664134724,,,,,,,7.0,341,,False
118-30,825 Massachusetts Ave,Government Operations,8334.0,42.36729312556447,-71.10632453836749,,,,,,,6.0,930,City NonTax,False
160-69,1390 Massachusetts Ave,RETAIL-OFFIC,12351.0,42.37329294812269,-71.11930939091572,,,,,,,7.0,345,,False
175-75,1720 Massachusetts Ave,RETAIL-STORE,25656.0,42.383887187728995,-71.11992697984486,,,,,,,9.0,325,,False
172-103,1564 Massachusetts Ave,SNGL-FAM-RES,1337.0,42.37867155280684,-71.12063848546255,,,,,,,9.0,101,,False
172-99,1600 Massachusetts Ave,>8-UNIT-APT,24282.0,42.37960462754412,-71.12060424747874,,,,,,,9.0,112,,True
118-32,843 Massachusetts Ave,MULTIUSE-RES,5002.0,42.36741668228464,-71.10654641012428,,,,,,,6.0,13,,False
91-52,401 Massachusetts Ave,RETAIL-STORE,3066.0,42.36365152035769,-71.09995565909003,,,,,,,4.0,325,,False
200-68,2026 Massachusetts Ave,MXD 4-8-UNIT-APT,10012.0,42.39055498485975,-71.12219521842395,,,,,,,11.0,111,,False
174-30,1682 Massachusetts Ave,EATING-ESTBL,3234.0,42.38250357773611,-71.12006736620131,,,,,,,9.0,326,,False
120-48,924 Massachusetts Ave,EATING-ESTBL,6019.0,42.368289502309175,-71.10926149639673,,,,,,,7.0,326,,False
171-1,1500 Massachusetts Ave,Parklands,370784.0,42.376505764774116,-71.12097251194771,,,,,,,9.0,920,City NonTax,False
118-33,815 Massachusetts Ave,Government Operations,47878.0,42.36717321571847,-71.1054725719118,,,,,,,6.0,930,City NonTax,False
199-67,2096 Massachusetts Ave,RETAIL-STORE,6253.0,42.39124725578673,-71.1235856484492,,,,,,,11.0,325,,False
176-15,1780 Massachusetts Ave,RETAIL-STORE,16226.0,42.38597047902422,-71.11971344293089,,,,,,,9.0,325,,False
93-73,554 Massachusetts Ave,RETAIL-OFFIC,11791.0,42.36428770542246,-71.10262497605774,,,,,,,5.0,345,,False
91-209,425 Massachusetts Ave,>8-UNIT-APT,39030.0,42.36393543689416,-71.10021940652285,,,,,,,4.0,112,,False
160-24,1324 Massachusetts Ave,Higher Ed and Comm Mixed,4735.0,42.372849290394136,-71.11780564676506,,,,,,,7.0,942,,False
69-110,282 Massachusetts Ave,Private College,10682.0,42.361798769431736,-71.09834181955404,,,,,,,5.0,942,Educ NonTax,False
133-60,1152 Massachusetts Ave,Parklands,872.0,42.37112806565378,-71.11446545144055,,,,,,,7.0,920,City NonTax,False
120-73,934 Massachusetts Ave,MXD SNGL-FAM-RES,3333.0,42.36843801122369,-71.10945525414151,,,,,,,7.0,101,,False
174-73,1702 Massachusetts Ave,RETAIL-STORE,4247.0,42.38321337128692,-71.11982450571057,,,,,,,9.0,325,,False
169-93,1400 Massachusetts Ave,RETAIL-OFFIC,8879.0,42.37365529438855,-71.11955892738484,,,,,,,10.0,345,,False
90-185,575 Massachusetts Ave,RETAIL-OFFIC,5478.0,42.36502823178316,-71.10232248320456,,,,,,,4.0,345,,False
119-94,770 Massachusetts Ave,Government Operations,40168.0,42.366418857459266,-71.10618092618634,,,,,,,7.0,930,Federal NonTax,False
133-53,1244-1256 Massachusetts Ave,MXD >8-UNIT-APT,9347.0,42.37238335138375,-71.11624953017918,,,,,,,7.0,112,,False
153-85,1797 Massachusetts Ave,Private College,28064.0,42.386468690282314,-71.11868342971731,,,,,,,8.0,942,Educ NonTax,False
134-59,1033 Massachusetts Ave,RETAIL-OFFIC,22131.0,42.36995019564108,-71.11200538486816,,,,,,,6.0,345,,False
133-30,1122 Massachusetts Ave,RETAIL-OFFIC,2842.0,42.370637338604745,-71.11394932277518,,,,,,,7.0,345,,False
200-90,2060 Massachusetts Ave,>8-UNIT-APT,15259.0,42.39088342500203,-71.12288709744763,,,,,,,11.0,112,Authority NonTax,False
107-136,675 Massachusetts Ave,GEN-OFFICE,44436.0,42.36614039654557,-71.1039055196026,,,,,,,6.0,340,,False
56-5,176 Massachusetts Ave,Private College,8760.0,42.36057736801975,-71.09608183923999,,,,,,,5.0,942,Educ NonTax,False
178-133,1906 Massachusetts Ave,RETAIL-OFFIC,15024.0,42.388787001189804,-71.12018753708695,,,,,,,11.0,345,,False
106-123,618 Massachusetts Ave,RETAIL-OFFIC,10074.0,42.36481705846385,-71.10353063402962,,,,,,,5.0,345,,False
92-58,372 Massachusetts Ave,Privately Owned Public Open Space,3800.0,42.3628206499532,-71.09996804007484,,,,,,,5.0,995,,False
133-20,1156-1162 Massachusetts Ave,RETAIL-OFFIC,2817.0,42.37122193955944,-71.11459785842742,,,,,,,7.0,345,,False
91-87,489 Massachusetts Ave,RETAIL-OFFIC,7393.0,42.364196933972984,-71.10115555360979,,,,,,,4.0,345,,False
172-14,1558 Massachusetts Ave,>8-UNIT-APT,9178.0,42.37853729439691,-71.12079633203888,,,,,,,9.0,112,,False
116-54,923 Massachusetts Ave,MXD >8-UNIT-APT,8937.0,42.36865948964641,-71.1087735380081,,,,,,,6.0,112,,False
117-57,863 Massachusetts Ave,>8-UNIT-APT,6550.0,42.36774262315873,-71.10710178569218,,,,,,,6.0,112,,True
178-117,1960 Massachusetts Ave,GEN-OFFICE,9002.0,42.38971775559875,-71.12071017798253,,,,,,,11.0,340,,False
70-74,209 Massachusetts Ave,GEN-OFFICE,14833.0,42.36169108389503,-71.09669622539086,,,,,,,4.0,340,,False
174-27,1688 Massachusetts Ave,EATING-ESTBL,5593.0,42.38273403309224,-71.1200796709097,,,,,,,9.0,326,,False
152-47,1853 Massachusetts Ave,MXD >8-UNIT-APT,5972.0,42.387838698847226,-71.11895020117548,,,,,,,8.0,112,,False
179-42,1955 Massachusetts Ave,RETAIL-OFFIC,6707.0,42.38998225211148,-71.12003861416005,,,,,,,11.0,345,,False
179-75,1937 Massachusetts Ave,RETAIL-STORE,5886.0,42.389659250776766,-71.11993457627679,,,,,,,11.0,325,,False
160-48,1290 Massachusetts Ave,RETAIL-OFFIC,12231.0,42.372624710617,-71.11695472540512,,,,,,,7.0,345,,False
106-124,596 Massachusetts Ave,RETAIL-STORE,20854.0,42.36473937278971,-71.10337881537109,,,,,,,5.0,325,,False
176-85,1776 Massachusetts Ave,MULTIUSE-RES,5000.0,42.38572589558106,-71.11959888383043,,,,,,,9.0,13,,True
70-100,277 Massachusetts Ave,Private College,22473.0,42.36225964976635,-71.09770354185314,,,,,,,4.0,942,Educ NonTax,False
200-79,2044 Massachusetts Ave,RETAIL-STORE,4606.0,42.39071468203418,-71.12264397415586,,,,,,,11.0,325,,False
119-23,798 Massachusetts Ave,Government Operations,13060.0,42.366543819991904,-71.10646572680966,,,,,,,7.0,930,City NonTax,False
120-49,922 Massachusetts Ave,>8-UNIT-APT,4800.0,42.36826253406445,-71.10906299909155,,,,,,,7.0,112,,False
121-114,1008 Massachusetts Ave,MXD >8-UNIT-APT,36661.0,42.36890918821012,-71.11129912698499,,,,,,,7.0,112,,True
179-51,1971 Massachusetts Ave,MXD >8-UNIT-APT,14026.0,42.39030448845588,-71.12033719485541,,,,,,,11.0,112,,True
169-79,1448 Massachusetts Ave,Religious,14779.0,42.37450763495949,-71.11923595257565,,,,,,,10.0,960,Religious NonTax,False
134-8,1137 Massachusetts Ave,>8-UNIT-APT,5716.0,42.37117940676144,-71.11395780497642,,,,,,,6.0,112,,True
68-47,254 Massachusetts Ave,HIGH-TECH,143680.0,42.36092071540679,-71.09720441317934,,,,,,,5.0,406,,False
154-65,1751 Massachusetts Ave,GEN-OFFICE,3192.0,42.38489891262987,-71.1190157516054,,,,,,,8.0,340,,False
169-99,1430 Massachusetts Ave,RETAIL-OFFIC,14268.0,42.37414785811766,-71.11928392573294,,,,,,,10.0,345,,False
105-89,730 Massachusetts Ave,RETAIL-OFFIC,8615.0,42.36586665094176,-71.10509634721762,,,,,,,7.0,345,,False
178-21,1924 Massachusetts Ave,HOTEL,14880.0,42.38918789776068,-71.12052414581179,,,,,,,11.0,300,,False
156-25,1667-1673 Massachusetts Ave,EATING-ESTBL,12262.0,42.38211756837014,-71.11919729181862,,,,,,,8.0,326,,False
169-102,1416 Massachusetts Ave,RETAIL-OFFIC,17875.0,42.37391543141281,-71.11964895689972,,,,,,,10.0,345,,False
179-81,1925 Massachusetts Ave,MXD >8-UNIT-APT,3779.0,42.389476257476566,-71.11965909225906,,,,,,,11.0,112,,False
134-1,1173-1201 Massachusetts Ave,Private College,30902.0,42.3720573623614,-71.1148795538827,,,,,,,6.0,942,,False
181-38,2107 Massachusetts Ave,MXD 4-8-UNIT-APT,4300.0,42.39183212111072,-71.12357584674463,,,,,,,11.0,111,,True
121-102,1038 Massachusetts Ave,MULTIUSE-RES,6319.0,42.3695935604357,-71.11269347124096,,,,,,,7.0,13,Educ NonTax,False
173-71,1622 Massachusetts Ave,>8-UNIT-APT,15659.0,42.38026453465618,-71.1202958726882,,,,,,,9.0,112,,False
105-74,678 Massachusetts Ave,RETAIL-OFFIC,4236.0,42.36548631117522,-71.1045215278661,,,,,,,7.0,345,,False
154-64,1753 Massachusetts Ave,GEN-OFFICE,3192.0,42.38501970185472,-71.11902957056762,,,,,,,8.0,340,,False
133-33,1090-1100 Massachusetts Ave,RETAIL-OFFIC,12080.0,42.37039342063038,-71.11374913688428,,,,,,,7.0,345,,False
133-26,1134 Massachusetts Ave,MXD 4-8-UNIT-APT,1753.0,42.37081424912586,-71.11425741169184,,,,,,,7.0,111,,False
200-22,2072 Massachusetts Ave,EATING-ESTBL,8515.0,42.391064454695915,-71.12321227991974,,,,,,,11.0,326,,False
159-1,1341 Massachusetts Ave,Private College,981136.0,42.37445349471487,-71.1170045239854,,,,,,,6.0,942,Educ NonTax,False
92-132,424-464 Massachusetts Ave,MULTIUSE-COM,41161.0,42.363374237436396,-71.1011427174013,,,,,,,5.0,31,,False
68-19,194 Massachusetts Ave,RETAIL-OFFIC,5990.0,42.36078695616752,-71.09649470606595,,,,,,,5.0,345,,False
91-205,385 Massachusetts Ave,Government Operations,15826.0,42.36346788994627,-71.10006982697634,,,,,,,4.0,930,,False
56-7,158 Massachusetts Ave,Private College,10740.0,42.3604356188093,-71.0958061492173,,,,,,,5.0,942,Educ NonTax,False
93-80,502 Massachusetts Ave,EATING-ESTBL,5038.0,42.3639462457157,-71.10187040576025,,,,,,,5.0,326,,False
116-117,955 Massachusetts Ave,INV-OFFICE,28940.0,42.369215957686365,-71.1099002738735,,,,,,,6.0,346,,False
119-4,898 Massachusetts Ave,MULTIUSE-RES,9796.0,42.36788947888946,-71.10850373091886,,,,,,,7.0,13,,False
133-29,1124 Massachusetts Ave,MXD THREE-FM-RES,1450.0,42.37073305844941,-71.11402621099103,,,,,,,7.0,105,,False
119-22,820  Massachusetts Ave,MXD BOARDING-HS,24000.0,42.36671261958666,-71.10666158373255,,,,,,,7.0,121,,True
200-48,2014 Massachusetts Ave,MXD 4-8-UNIT-APT,4681.0,42.39039332909372,-71.12187411772942,,,,,,,11.0,111,,False
133-43,1200 Massachusetts Ave,MULTIUSE-RES,15668.0,42.37158095832642,-71.11515950143504,,,,,,,7.0,13,,False
134-50,1073-1081 Massachusetts Ave,MXD >8-UNIT-APT,8946.0,42.37034942259019,-71.11299525259314,,,,,,,6.0,112,,False
175-37,1740 Massachusetts Ave,RETAIL-STORE,12424.0,42.38454810743686,-71.11974950102116,,,,,,,9.0,325,,False
173-43,1626 Massachusetts Ave,BOARDING-HSE,9546.0,42.38070483180628,-71.12009638797937,,,,,,,9.0,121,Religious NonTax,False
174-33,1676 Massachusetts Ave,RETAIL-STORE,4347.0,42.382312580231556,-71.12006493394559,,,,,,,9.0,325,,False
160-46,1270 Massachusetts Ave,Higher Ed and Comm Mixed,5228.0,42.372486275063395,-71.11665351439456,,,,,,,7.0,942,,False
178-118,1950 Massachusetts Ave,FRAT-ORGANIZ,12484.0,42.3894671408575,-71.12049054422668,,,,,,,11.0,353,Other NonTax,False
158-25,1525 Massachusetts Ave,Parklands,62932.0,42.37575058492887,-71.11896569341405,,,,,,,9.0,920,City NonTax,False
120-45,938 Massachusetts Ave,MULTIUSE-COM,6579.0,42.36848884479924,-71.1096329641384,,,,,,,7.0,31,,False
156-68,1675-1679 Massachusetts Ave,MXD 4-8-UNIT-APT,11370.0,42.38236514508422,-71.11932189349433,,,,,,,8.0,111,,False
133-14,1218 Massachusetts Ave,RETAIL-OFFIC,2017.0,42.371996392308546,-71.11552388613401,,,,,,,7.0,345,,False
93-79,512 Massachusetts Ave,EATING-ESTBL,2385.0,42.36405417423826,-71.10196097732626,,,,,,,5.0,326,,False
120-40,950 Massachusetts Ave,MULTIUSE-RES,41363.0,42.36855418801958,-71.11008476999812,,,,,,,7.0,13,,True
106-103,576 Massachusetts Ave,MXD >8-UNIT-APT,16571.0,42.364506641256924,-71.1031039670075,,,,,,,5.0,112,,False
