PROPERTY_ID,ADDRESS,PROPERTY_TYPE,LOT_SIZE,LATITUDE,LONGITUDE,TOTAL_VALUE,LAND_VALUE,BUILDING_VALUE,GROSS_AREA,YEAR_BUILT,BUILDING_AGE,NEIGHBORHOOD,USE_CODE,TAX_STATUS,CONDO_FLAG,SIZE_CATEGORY,DISTANCE_TO_RED_LINE,TRANSIT_ACCESSIBILITY,GENERAL_USE_CATEGORY,NEIGHBORHOOD_DENSITY
154-73,1749 Massachusetts Ave,GEN-OFFICE,3382.0,42.38469798249467,-71.11903631455134,,,,,,,8.0,340,,False,Small,410.9437130349127,0.5915915710447879,Commercial,24
133-15,1208-1210 Massachusetts Ave,RETAIL-OFFIC,3118.0,42.37185348731224,-71.11541498412934,,,,,,,7.0,345,,False,Small,442.6471433292647,0.5600837325055781,Commercial,51
117-29,875 Massachusetts Ave,OFFICE-CONDO,9265.0,42.367925680387785,-71.10726678995668,,,,,,,6.0,343,,False,Medium,576.1722765202416,0.4273823718500634,Commercial,34
174-26,1692 Massachusetts Ave,GEN-OFFICE,6397.0,42.382871554410755,-71.11999731983504,,,,,,,9.0,340,,False,Medium,623.562765559313,0.38028425460931603,Commercial,42
174-32,1678 Massachusetts Ave,MULTIUSE-COM,2562.0,42.38237856405532,-71.12010315886837,,,,,,,9.0,31,,False,Small,679.5036178347807,0.32468852490825506,Other,42
90-169,617 Massachusetts Ave,RETAIL-OFFIC,25569.0,42.36564652528508,-71.10293795716362,,,,,,,4.0,345,,False,Large,109.01627326962566,0.8916562938321012,Commercial,23
121-113,1000 Massachusetts Ave,Private College,39511.0,42.36873772808739,-71.11083322580915,,,,,,,7.0,942,Educ NonTax,False,Large,958.5245874326108,0.047388952668957846,Educational,51
156-24,1663 Massachusetts Ave,Higher Ed and Comm Mixed,12951.0,42.38188745558332,-71.11929270220531,,,,,,,8.0,942,Educ NonTax,False,Medium,723.6221819618819,0.2808421467027358,Other,24
92-117,408 Massachusetts Ave,Charitable Services,27000.0,42.36309499166503,-71.10058333602541,,,,,,,5.0,957,Religious NonTax,False,Large,340.73532630581775,0.6613668127968708,Other,25
134-56,1105 Massachusetts Ave,MULTIUSE-RES,31016.0,42.370704974068744,-71.11316771794078,,,,,,,6.0,13,,True,Large,722.7514144930927,0.2817075420418859,Other,34
69-159,350 Massachusetts Ave,INV-OFFICE,24684.0,42.36240273512264,-71.09963062045425,,,,,,,5.0,346,,False,Large,471.16716757359217,0.5317396602496272,Commercial,25
92-57,380 Massachusetts Ave,Government Operations,10000.0,42.36294088112463,-71.10015509295548,,,,,,,5.0,930,City NonTax,False,Medium,390.3344336447183,0.6120737031486881,Other,25
105-68,744 Massachusetts Ave,RETAIL-STORE,11449.0,42.36605195422651,-71.10545147632855,,,,,,,7.0,325,,False,Medium,291.50818834765687,0.7102902478993952,Commercial,51
116-68,991 Massachusetts Ave,MXD >8-UNIT-APT,5000.0,42.36945197074057,-71.11091957314761,,,,,,,6.0,112,,False,Small,1006.2077173240189,0.0,Multi-Family,34
181-207,1989 Massachusetts Ave,MXD >8-UNIT-APT,50485.0,42.39078159353434,-71.12100567464431,,,,,,,11.0,112,,True,Large,345.6134070775623,0.6565188269508493,Multi-Family,28
155-42,1685 Massachusetts Ave,RETAIL-STORE,5786.0,42.382822778534056,-71.11935575953025,,,,,,,8.0,325,,False,Small,620.3297751727716,0.3834972993225283,Commercial,24
116-98,929 Massachusetts Ave,MULTIUSE-RES,26268.0,42.36898543381626,-71.10887310238328,,,,,,,6.0,13,,False,Large,789.1860639529806,0.21568275579141974,Other,34
121-94,1028 Massachusetts Ave,RETAIL-OFFIC,22556.0,42.369415225495125,-71.11228160730613,,,,,,,7.0,345,,False,Large,878.5784141790273,0.12684190445728058,Commercial,51
155-32,1699 Massachusetts Ave,MXD >8-UNIT-APT,13035.0,42.38307087890626,-71.11912740155746,,,,,,,8.0,112,,False,Medium,591.7014562411191,0.41194899815046887,Multi-Family,24
179-52,1979 Massachusetts Ave,MXD >8-UNIT-APT,5832.0,42.390353023988496,-71.12068219754387,,,,,,,11.0,112,,True,Small,286.1150967963521,0.7156500672075273,Multi-Family,28
116-12,1003 Massachusetts Ave,RETAIL-STORE,23648.0,42.369687813636205,-71.11122766229747,,,,,,,6.0,325,,False,Large,965.8558691055662,0.04010290074674372,Commercial,34
93-75,536 Massachusetts Ave,RETAIL-OFFIC,6058.0,42.36419134928853,-71.10231751135387,,,,,,,5.0,345,Other NonTax,False,Medium,113.06273637128919,0.8876347950580459,Commercial,25
178-106,1986 Massachusetts Ave,GEN-OFFICE,7972.0,42.39005337092466,-71.12108072092873,,,,,,,11.0,340,,False,Medium,294.997718987318,0.7068222456374553,Commercial,28
174-36,1670 Massachusetts Ave,RETAIL-STORE,5750.0,42.38208014940651,-71.12007117763031,,,,,,,9.0,325,,False,Small,711.5085543979527,0.2928810402188231,Commercial,42
93-76,522 Massachusetts Ave,RETAIL-STORE,4473.0,42.36413650305133,-71.1021459595976,,,,,,,5.0,325,,False,Small,132.66845102140744,0.8681500362825327,Commercial,25
119-7,878 Massachusetts Ave,MULTIUSE-RES,9850.0,42.36756384372414,-71.10803030868344,,,,,,,7.0,13,,False,Medium,623.3169677133,0.3805285360253508,Other,51
174-31,1680 Massachusetts Ave,RETAIL-OFFIC,2885.0,42.38244476970382,-71.12008778018743,,,,,,,9.0,345,,False,Small,671.9675752531364,0.33217807448325354,Commercial,42
117-23,891 Massachusetts Ave,>8-UNIT-APT,5017.0,42.36825284274556,-71.10797356640995,,,,,,,6.0,112,,False,Small,660.5164832744796,0.3435585198739038,Multi-Family,34
156-26,1637-1653 Massachusetts Ave,Private College Res Units,42820.0,42.38123448940702,-71.11927102553473,,,,,,,8.0,9421,Educ NonTax,False,Large,795.9404122086174,0.20897007794235709,Multi-Family,24
199-32,2130 Massachusetts Ave,MXD >8-UNIT-APT,39199.0,42.39172195880485,-71.12453770500571,,,,,,,11.0,112,,True,Large,716.8021022665054,0.2876201504667243,Multi-Family,28
157-39,1619 Massachusetts Ave,MXD >8-UNIT-APT,14080.0,42.38038358369073,-71.11932145269176,,,,,,,8.0,112,,True,Large,753.8227266753021,0.25082792181312974,Multi-Family,24
177-79,1840 Massachusetts Ave,PARKING-LOT,13263.0,42.38755622230179,-71.1195546711755,,,,,,,9.0,337,,False,Large,112.08367105568269,0.8886078201091858,Other,42
175-68,1734 Massachusetts Ave,GEN-OFFICE,10519.0,42.38432512184355,-71.11991420369613,,,,,,,9.0,340,,False,Medium,463.5549300558417,0.5393049346822215,Commercial,42
53-59,149 Massachusetts Ave,Private College,15273.0,42.3608313140556,-71.09562082285707,,,,,,,4.0,942,Educ NonTax,False,Large,944.5484138637581,0.06127890136267481,Educational,23
119-90,910 Massachusetts Ave,RETAIL-CONDO,5326.0,42.368161153706794,-71.10869408205932,,,,,,,7.0,327,,False,Small,720.7697854733008,0.28367694556133227,Commercial,51
160-74,1328 Massachusetts Ave,MXD 4-8-UNIT-APT,2029.0,42.372831336231094,-71.11792903332692,,,,,,,7.0,111,,False,Small,146.32703585087336,0.8545757169901003,Multi-Family,51
119-9,860 Massachusetts Ave,MXD >8-UNIT-APT,35914.0,42.36721495976062,-71.10729070838707,,,,,,,7.0,112,,True,Large,533.0186910888759,0.4702697247180491,Multi-Family,51
91-195,453 Massachusetts Ave,PARKING-LOT,27800.0,42.36417368769274,-71.10020018952315,,,,,,,4.0,337,City NonTax,False,Large,338.0650292214034,0.6640206356988815,Other,23
93-81,492 Massachusetts Ave,MXD >8-UNIT-APT,4147.0,42.36384642419921,-71.10175216270125,,,,,,,5.0,112,,False,Small,186.56007761055508,0.8145908897352663,Multi-Family,25
117-1,907 Massachusetts Ave,GEN-OFFICE,5111.0,42.368520037213514,-71.10836974853724,,,,,,,6.0,340,,False,Small,713.5062753444885,0.29089564405047663,Commercial,34
178-1,2000 Massachusetts Ave,RETAIL-OFFIC,8969.0,42.3902317621417,-71.12143773797571,,,,,,,11.0,345,,False,Medium,338.46663022718354,0.6636215123381025,Commercial,28
160-25,1304 Massachusetts Ave,MXD >8-UNIT-APT,9116.0,42.37275485715416,-71.11748127397219,,,,,,,7.0,112,,False,Medium,192.92282752712194,0.8082673942909175,Multi-Family,51
90-170,641 Massachusetts Ave,RETAIL-OFFIC,19577.0,42.36580054274533,-71.10304273526933,,,,,,,4.0,345,,False,Large,123.40117817076354,0.8773601354410743,Commercial,23
91-118,515 Massachusetts Ave,BANK,9189.0,42.36451905731942,-71.10161468281288,,,,,,,4.0,341,,False,Medium,177.1126948811691,0.8239799875991854,Other,23
172-104,1570 Massachusetts Ave,SNGL-FAM-RES,1998.0,42.37875524733567,-71.12056614535956,,,,,,,9.0,101,,False,Small,598.0560756129768,0.4056335830900899,Residential,42
157-26,1607 Massachusetts Ave,RETAIL-STORE,8377.0,42.38016106778192,-71.11950270371347,,,,,,,8.0,325,,False,Medium,730.4130754160042,0.274093149117841,Commercial,24
107-9,731 Massachusetts Ave,RETAIL-STORE,9926.0,42.36653803261582,-71.10504044290862,,,,,,,6.0,325,,False,Medium,288.7193856209882,0.7130618453326623,Commercial,34
90-155,561 Massachusetts Ave,RETAIL-STORE,14381.0,42.36479084044227,-71.1020278056514,,,,,,,4.0,325,,False,Large,130.50369541973265,0.870301436599191,Commercial,23
93-74,544 Massachusetts Ave,RETAIL-OFFIC,4391.0,42.36428917299413,-71.10243122928382,,,,,,,5.0,345,,False,Small,96.75401086580342,0.9038429051974298,Commercial,25
178-91,1876 Massachusetts Ave,RETAIL-OFFIC,4228.0,42.38827695526066,-71.11973568147155,,,,,,,9.0,345,,False,Small,82.79493165756745,0.9177158649928087,Commercial,42
90-133,583 Massachusetts Ave,RETAIL-OFFIC,18218.0,42.36531370446843,-71.10234335372694,,,,,,,4.0,345,,False,Large,116.9708294423934,0.883750812651811,Commercial,23
158-28,1555 Massachusetts Ave,Religious,11248.0,42.37790650646593,-71.11973449320625,,,,,,,8.0,960,Religious NonTax,False,Medium,484.9249189713065,0.5180667861890875,Other,24
172-12,1572 Massachusetts Ave,>8-UNIT-APT,12860.0,42.378912971729314,-71.12076459880713,,,,,,,9.0,112,,True,Medium,621.4164021421292,0.3824173762105814,Multi-Family,42
154-89,1741 Massachusetts Ave,RETAIL-STORE,3600.0,42.38458162513277,-71.11910431988984,,,,,,,8.0,325,,False,Small,423.99775969656804,0.5786180602707182,Commercial,24
155-39,1713-5 Massachusetts Ave,4-8-UNIT-APT,14500.0,42.383549695796106,-71.1189891256042,,,,,,,8.0,111,Authority NonTax,False,Large,538.3851197439304,0.46493640381158025,Multi-Family,24
134-32,1039 Massachusetts Ave,>8-UNIT-APT,11133.0,42.3701299428566,-71.11236779340796,,,,,,,6.0,112,,False,Medium,830.8515783411179,0.17427429343242928,Multi-Family,34
174-63,1686 Massachusetts Ave,RES-UDV-LAND,262.0,42.3826387741726,-71.12020746679302,,,,,,,9.0,132,,False,Small,653.3903446596706,0.3506406943515163,Other,42
152-55,1853-1875 Massachusetts Ave,MBTA/Railroad,15268.0,42.38826340754585,-71.11908141886602,,,,,,,11.0,975,State NonTax,False,Large,17.65093027294471,0.9824579657171714,Other,28
172-36,1573 Massachusetts Ave,Parklands,13180.0,42.3781002430506,-71.12039912330384,,,,,,,9.0,920,City NonTax,False,Large,523.1119639907728,0.4801153330626659,Other,42
91-208,493-507 Massachusetts Ave,RETAIL-OFFIC,21698.0,42.36447972767728,-71.101177197394,,,,,,,4.0,345,,False,Large,225.85841513626056,0.7755350001320556,Commercial,23
173-48,1654 Massachusetts Ave,MXD >8-UNIT-APT,17024.0,42.38162673874411,-71.12005796305276,,,,,,,9.0,112,,False,Large,760.9481427321991,0.2437464654356664,Multi-Family,42
154-111,1759 Massachusetts Ave,RETAIL-CONDO,4664.0,42.385217792038894,-71.11904772338836,,,,,,,8.0,327,,False,Small,353.2648030706425,0.6489146356279791,Commercial,24
107-135,689 Massachusetts Ave,RETAIL-OFFIC,9788.0,42.36606380066659,-71.1042783698665,,,,,,,6.0,345,Religious NonTax,False,Medium,192.98791564397902,0.8082027077299457,Commercial,34
70-98,355 Massachusetts Ave,Private College,12159.0,42.36307257838648,-71.09916932569774,,,,,,,4.0,942,Educ NonTax,False,Medium,482.496922026708,0.5204798038024444,Educational,23
172-73,1580 Massachusetts Ave,>8-UNIT-APT,20080.0,42.37931047815378,-71.1206873031822,,,,,,,9.0,112,,True,Large,660.9539974322066,0.3431237049244711,Multi-Family,42
171-1,1500 Massachusetts Ave,Parklands,370784.0,42.37727047201469,-71.12261945850281,,,,,,,9.0,920,City NonTax,False,Large,572.1922920728305,0.4313378021045597,Other,42
119-92,844 Massachusetts Ave,Religious,8137.0,42.36705068284543,-71.10701314273571,,,,,,,7.0,960,Religious NonTax,False,Medium,497.22260575697277,0.5058449689897805,Other,51
117-64,881 Massachusetts Ave,>8-UNIT-APT,10000.0,42.36810359763383,-71.10773310739408,,,,,,,6.0,112,,False,Medium,629.2196279285381,0.3746622917960419,Multi-Family,34
116-94,983R Massachusetts Ave,RETAIL-STORE,5000.0,42.36940118418878,-71.11073590381166,,,,,,,6.0,325,,False,Small,985.9085924644685,0.02017389104660748,Commercial,34
105-81,706 Massachusetts Ave,RETAIL-OFFIC,13267.0,42.365667756499725,-71.10476081415729,,,,,,,7.0,345,,False,Large,203.85032823643422,0.7974073099155227,Commercial,51
199-90,2106 Massachusetts Ave,RETAIL-STORE,5969.0,42.391469108764525,-71.12389657105066,,,,,,,11.0,325,,False,Medium,641.4593545356478,0.36249807719464633,Commercial,28
177-34,1868 Massachusetts Ave,HOTEL,13370.0,42.38788739362033,-71.11965214140947,,,,,,,9.0,300,,False,Large,92.07339390246833,0.9084946454720751,Other,42
153-88,1791 Massachusetts Ave,>8-UNIT-APT,21779.0,42.38619315760366,-71.11855947427487,,,,,,,8.0,112,,False,Large,249.79233123984142,0.7517487423927168,Multi-Family,24
175-84,1712 Massachusetts Ave,EATING-ESTBL,6750.0,42.383546697912,-71.11984855510966,,,,,,,9.0,326,,False,Medium,546.8886409338153,0.4564853444095517,Other,42
70-91,323 Massachusetts Ave,RETAIL-STORE,6272.0,42.36259234626355,-71.0986073233111,,,,,,,4.0,325,,False,Medium,560.9057843198016,0.4425546786586822,Commercial,23
70-51,233 Massachusetts Ave,Higher Ed and Comm Mixed,7360.0,42.36177101104604,-71.09720349156746,,,,,,,4.0,942,,False,Medium,740.7708700222719,0.26379925608965593,Other,23
181-52,2039 Massachusetts Ave,Government Operations,9532.0,42.3909894646649,-71.12195064577321,,,,,,,11.0,930,City NonTax,False,Medium,435.76001247028665,0.5669283737664245,Other,28
178-79,1920 Massachusetts Ave,EATING-ESTBL,3409.0,42.38900309850975,-71.12000427700151,,,,,,,11.0,326,,False,Small,130.03118715719913,0.870771029760124,Other,28
160-14,1336-1362 Massachusetts Ave,RETAIL-OFFIC,75894.0,42.37259023404723,-71.11867455988259,,,,,,,7.0,345,Educ NonTax,False,Large,117.76145577875141,0.8829650640208418,Commercial,51
121-6,1010 Massachusetts Ave,>8-UNIT-APT,27200.0,42.36909682384198,-71.11192132024325,,,,,,,7.0,112,,False,Large,931.2516493636209,0.07449363254710618,Multi-Family,51
176-13,1800-2 Massachusetts Ave,>8-UNIT-APT,30067.0,42.38637072873971,-71.11961351992743,,,,,,,9.0,112,,True,Large,235.31865305208595,0.7661331263907325,Multi-Family,42
174-37,1664-1668 Massachusetts Ave,RETAIL-STORE,6918.0,42.3819141512643,-71.12010863457358,,,,,,,9.0,325,,False,Medium,730.3707592769514,0.27413520419088827,Commercial,42
90-125,571 Massachusetts Ave,EATING-ESTBL,1882.0,42.36494794385452,-71.10232447131749,,,,,,,4.0,326,,False,Small,101.00552506987319,0.8996176203671996,Other,23
121-2,1050 Massachusetts Ave,RETAIL-OFFIC,20384.0,42.3697226526562,-71.11302424523073,,,,,,,7.0,345,,False,Large,790.702385797732,0.21417578877194193,Commercial,51
134-33,1045 Massachusetts Ave,RETAIL-STORE,10501.0,42.37021094019479,-71.11259523715741,,,,,,,6.0,325,,False,Medium,804.3228308398354,0.2006393739665311,Commercial,34
117-28,901 Massachusetts Ave,4-8-UNIT-APT,3120.0,42.36841458496796,-71.10831616552008,,,,,,,6.0,111,,False,Small,701.7912223757303,0.30253842194519803,Multi-Family,34
119-5,892 Massachusetts Ave,PARKING-LOT,5520.0,42.36783687042136,-71.10831459342054,,,,,,,7.0,337,,False,Small,665.9909524937246,0.3381178249507876,Other,51
117-56,859 Massachusetts Ave,GEN-OFFICE,5049.0,42.36767009275619,-71.1068997048038,,,,,,,6.0,340,,False,Small,526.6276426193749,0.4766213441296929,Commercial,34
153-14,1771 Massachusetts Ave,MULTIUSE-COM,5320.0,42.3854699519317,-71.11890244376127,,,,,,,8.0,31,,True,Small,325.4155576717661,0.6765920673544428,Other,24
176-64,1764 Massachusetts Ave,RETAIL-CONDO,7467.0,42.385337800140086,-71.11963228793846,,,,,,,9.0,327,,False,Medium,347.0744055848893,0.6550668419559295,Commercial,42
181-80,2041-2059 Massachusetts Ave,GAS-STATION,16977.0,42.39132772782364,-71.12224201767427,,,,,,,11.0,334,,False,Large,484.88414492821994,0.5181073086800053,Other,28
154-101,1725 Massachusetts Ave,GAS-STATION,12008.0,42.384047018500446,-71.11909205591189,,,,,,,8.0,334,,False,Medium,483.28898058078676,0.5196926317897061,Other,24
68-50,220 Massachusetts Ave,INV-OFFICE,8709.0,42.361138706666274,-71.09699432589883,,,,,,,5.0,346,,False,Medium,794.1986103669751,0.21070113387807837,Commercial,25
90-52,605 Massachusetts Ave,RETAIL-OFFIC,917.0,42.36519966737505,-71.10290846128123,,,,,,,4.0,345,,False,Small,64.21350577870645,0.9361826542639918,Commercial,23
172-102,1560 Massachusetts Ave,SNGL-FAM-RES,1411.0,42.37862460223847,-71.12064135068083,,,,,,,9.0,101,,False,Small,586.7340695020312,0.4168857389978742,Residential,42
91-191,465 Massachusetts Ave,EATING-ESTBL,3528.0,42.36402135066279,-71.10084327014509,,,,,,,4.0,326,,False,Small,272.22714430006516,0.7294523391014673,Other,23
134-7,1131 Massachusetts Ave,HOTEL,6384.0,42.37107507971725,-71.11373595483686,,,,,,,6.0,300,,False,Medium,648.0479445326079,0.35595013497205813,Other,34
174-62,1686 Massachusetts Ave,MULTIUSE-RES,2410.0,42.38265629271021,-71.12004162582299,,,,,,,9.0,13,,False,Small,647.9506301254594,0.3560468490058237,Other,42
119-8,872 Massachusetts Ave,MXD >8-UNIT-APT,23203.0,42.367381163199745,-71.10791158005007,,,,,,,7.0,112,,False,Large,601.7349075302387,0.4019774474295071,Multi-Family,51
69-161,266 Massachusetts Ave,GAS-STATION,5958.0,42.36169477014823,-71.0980431478777,,,,,,,5.0,334,,False,Medium,662.5178016445869,0.34156954847600013,Other,25
133-52,1234-1238 Massachusetts Ave,EATING-ESTBL,2186.0,42.372336435119365,-71.11606345389743,,,,,,,7.0,326,,False,Small,354.85120584719505,0.6473380200353542,Other,51
120-74,930 Massachusetts Ave,GEN-OFFICE,3070.0,42.3683915163456,-71.10936797084216,,,,,,,7.0,340,,False,Small,797.897442249679,0.2070251216402267,Commercial,51
69-148,294-310 Massachusetts Ave,HIGH-TECH,50447.0,42.36213040075882,-71.0989202538591,,,,,,,5.0,406,Educ NonTax,False,Large,554.1009186867593,0.4493175622222665,Other,25
133-27,1132 Massachusetts Ave,RETAIL-OFFIC,1510.0,42.37078957903567,-71.1141971556144,,,,,,,7.0,345,,False,Small,617.6806437864298,0.38613008710653296,Commercial,51
118-1,847 Massachusetts Ave,GEN-OFFICE,4839.0,42.36756774323631,-71.1066746204123,,,,,,,6.0,340,,False,Small,500.0785703622589,0.503006624027687,Commercial,34
119-101,900 Massachusetts Ave,>8-UNIT-APT,4257.0,42.367963627231305,-71.1086474345151,,,,,,,7.0,112,,False,Small,704.8788900096432,0.2994698034276175,Multi-Family,51
107-8,711 Massachusetts Ave,HOTEL,10570.0,42.36629824494118,-71.10459126054883,,,,,,,6.0,300,,False,Medium,235.2045947078765,0.7662464810611903,Other,34
181-88,2067 Massachusetts Ave,RETAIL-OFFIC,78646.0,42.39194509549098,-71.12252077600638,,,,,,,11.0,345,,False,Large,554.5954321181513,0.4488260996515886,Commercial,28
119-82,888 Massachusetts Ave,>8-UNIT-APT,11239.0,42.36772845204892,-71.10814950028752,,,,,,,7.0,112,,False,Medium,644.0781567104834,0.3598954315085247,Multi-Family,51
117-24,897 Massachusetts Ave,MXD SNGL-FAM-RES,3194.0,42.36830280770828,-71.10810706432184,,,,,,,6.0,101,,False,Small,675.7293425385546,0.32843951511757646,Residential,34
116-99,931 Massachusetts Ave,>8-UNIT-APT,19078.0,42.36887825110227,-71.10922253613779,,,,,,,6.0,112,,True,Large,813.6286659137259,0.19139095049126792,Multi-Family,34
90-161,647-655 Massachusetts Ave,RETAIL-OFFIC,8628.0,42.365694476765505,-71.10351849189975,,,,,,,4.0,345,,False,Medium,115.90978694614502,0.8848053091319913,Commercial,23
181-37,2101 Massachusetts Ave,>8-UNIT-APT,6316.0,42.391838798237266,-71.12338973080789,,,,,,,11.0,112,,True,Medium,618.9687843668038,0.3848498936055332,Multi-Family,28
155-33,1705 Massachusetts Ave,Private College,21528.0,42.38326941123392,-71.11886763612533,,,,,,,8.0,942,Educ NonTax,False,Large,569.6848457302391,0.4338297789592591,Educational,24
200-47,2024 Massachusetts Ave,MXD 4-8-UNIT-APT,5000.0,42.39048501529348,-71.12198381288937,,,,,,,11.0,111,,False,Small,404.05262655301857,0.5984401435246539,Multi-Family,28
174-25,1696 Massachusetts Ave,MEDICAL-OFFC,8300.0,42.38303208656792,-71.12009095532495,,,,,,,9.0,342,,False,Medium,608.0194399071054,0.39573168696805866,Other,42
173-75,1640 Massachusetts Ave,MULTIUSE-COM,6538.0,42.38115722319052,-71.12025271695245,,,,,,,9.0,31,,False,Medium,815.8848523105868,0.18914868345433722,Other,42
174-66,1684 Massachusetts Ave,MULTIUSE-COM,2362.0,42.38259036418824,-71.12002049984332,,,,,,,9.0,31,,False,Small,654.7427768647096,0.34929660586784245,Other,42
106-105,632 Massachusetts Ave,MXD >8-UNIT-APT,33254.0,42.36497147730273,-71.10402694186408,,,,,,,5.0,112,,False,Large,96.61035808593424,0.9039856717230645,Multi-Family,25
152-51,1815 Massachusetts Ave,Higher Ed and Comm Mixed,108636.0,42.387323494296375,-71.1186400368896,,,,,,,8.0,942,Educ NonTax,False,Large,125.99541355925673,0.874781904978489,Other,24
177-71,1826 Massachusetts Ave,PARKING-LOT,12007.0,42.3871654670845,-71.11943115958823,,,,,,,9.0,337,,False,Medium,145.1500662243268,0.8557454253975021,Other,42
157-69,1525 Massachusetts Ave,Private College,1210316.0,42.37730167455329,-71.11841328072352,,,,,,,8.0,942,Educ NonTax,False,Large,416.0151170455665,0.5865514546519808,Educational,24
133-28,1130 Massachusetts Ave,GEN-OFFICE,1646.0,42.37075254087723,-71.11411636722863,,,,,,,7.0,340,,False,Small,627.497564545408,0.37637373104807814,Commercial,51
116-100,975 Massachusetts Ave,GAS-STATION,8000.0,42.36924384283507,-71.1104072622836,,,,,,,6.0,334,,False,Medium,945.724803046515,0.06010976981806146,Other,34
107-1,757 Massachusetts Ave,MULTIUSE-COM,6620.0,42.366644984190806,-71.10522158405588,,,,,,,6.0,31,,False,Medium,311.38943772487863,0.6905316542860452,Other,34
154-97,1735 Massachusetts Ave,RETAIL-STORE,5847.0,42.38433133073005,-71.1191380827456,,,,,,,8.0,325,,False,Small,451.8823015808328,0.5509055498176847,Commercial,24
169-5,1456 Massachusetts Ave,Cemeteries,85858.0,42.374918474673464,-71.11996840994294,,,,,,,10.0,953,City NonTax,False,Large,181.585730246992,0.8195345482641356,Other,5
133-31,1110-1114 Massachusetts Ave,MXD THREE-FM-RES,1566.0,42.3705659008631,-71.11386513286453,,,,,,,7.0,105,,False,Small,662.0349139271667,0.3420494570566106,Residential,51
173-65,1642 Massachusetts Ave,RETAIL-STORE,2701.0,42.38118292728112,-71.1200314633537,,,,,,,9.0,325,,False,Small,809.2353372785518,0.19575717483991234,Commercial,42
175-77,1718 Massachusetts Ave,GEN-OFFICE,3309.0,42.38381637402394,-71.12018178345885,,,,,,,9.0,340,,False,Small,525.4210440948625,0.4778204986419653,Commercial,42
93-78,516 Massachusetts Ave,RETAIL-STORE,7363.0,42.36397726166855,-71.10211680412284,,,,,,,5.0,325,,False,Medium,144.54160713685664,0.8563501306457268,Commercial,25
133-41,1168 Massachusetts Ave,MXD >8-UNIT-APT,4327.0,42.37134743324897,-71.11479005050094,,,,,,,7.0,112,,True,Small,529.9913706109727,0.4732783683865297,Multi-Family,51
90-70,599 Massachusetts Ave,RETAIL-OFFIC,5643.0,42.36517937940821,-71.10272443581609,,,,,,,4.0,345,,False,Small,74.95302513982136,0.9255093915010343,Commercial,23
160-58,1378 Massachusetts Ave,BANK,5455.0,42.37314238560565,-71.11900664134724,,,,,,,7.0,341,,False,Small,50.800546899432064,0.9495128629757137,Other,51
118-30,825 Massachusetts Ave,Government Operations,8334.0,42.36729312556447,-71.10632453836749,,,,,,,6.0,930,City NonTax,False,Medium,450.70702495243927,0.5520735756717491,Other,34
160-69,1390 Massachusetts Ave,RETAIL-OFFIC,12351.0,42.37329294812269,-71.11930939091572,,,,,,,7.0,345,,False,Medium,48.38423589135223,0.9519142667479944,Commercial,51
175-75,1720 Massachusetts Ave,RETAIL-STORE,25656.0,42.383887187728995,-71.11992697984486,,,,,,,9.0,325,,False,Large,511.38082157203553,0.4917741011448029,Commercial,42
172-103,1564 Massachusetts Ave,SNGL-FAM-RES,1337.0,42.37867155280684,-71.12063848546255,,,,,,,9.0,101,,False,Small,591.5923304775044,0.41205745067148997,Residential,42
172-99,1600 Massachusetts Ave,>8-UNIT-APT,24282.0,42.37960462754412,-71.12060424747874,,,,,,,9.0,112,,True,Large,689.8912261902249,0.3143650020644135,Multi-Family,42
118-32,843 Massachusetts Ave,MULTIUSE-RES,5002.0,42.36741668228464,-71.10654641012428,,,,,,,6.0,13,,False,Small,478.44506744664386,0.5245066607926094,Other,34
91-52,401 Massachusetts Ave,RETAIL-STORE,3066.0,42.36365152035769,-71.09995565909003,,,,,,,4.0,325,,False,Small,378.4604780728203,0.6238744033097606,Commercial,23
200-68,2026 Massachusetts Ave,MXD 4-8-UNIT-APT,10012.0,42.39055498485975,-71.12219521842395,,,,,,,11.0,111,,False,Medium,427.7949291635977,0.5748443171343325,Multi-Family,28
174-30,1682 Massachusetts Ave,EATING-ESTBL,3234.0,42.38250357773611,-71.12006736620131,,,,,,,9.0,326,,False,Small,665.139806120773,0.3389637202448679,Other,42
120-48,924 Massachusetts Ave,EATING-ESTBL,6019.0,42.368289502309175,-71.10926149639673,,,,,,,7.0,326,,False,Medium,781.9496249330319,0.2228745501847223,Other,51
171-1,1500 Massachusetts Ave,Parklands,370784.0,42.37650576477411,-71.12097251194771,,,,,,,9.0,920,City NonTax,False,Large,389.8340276142649,0.612571021964513,Other,42
118-33,815 Massachusetts Ave,Government Operations,47878.0,42.36717321571847,-71.1054725719118,,,,,,,6.0,930,City NonTax,False,Large,372.82418336152443,0.6294759253556116,Other,34
199-67,2096 Massachusetts Ave,RETAIL-STORE,6253.0,42.39124725578673,-71.1235856484492,,,,,,,11.0,325,,False,Medium,599.1433831079402,0.40455298365098497,Commercial,28
176-15,1780 Massachusetts Ave,RETAIL-STORE,16226.0,42.38597047902422,-71.11971344293089,,,,,,,9.0,325,,False,Large,281.06403323308456,0.7206699686416972,Commercial,42
93-73,554 Massachusetts Ave,RETAIL-OFFIC,11791.0,42.36428770542246,-71.10262497605774,,,,,,,5.0,345,,False,Medium,78.53901875077275,0.9219455213883222,Commercial,25
91-209,425 Massachusetts Ave,>8-UNIT-APT,39030.0,42.36393543689416,-71.10021940652285,,,,,,,4.0,112,,False,Large,341.55719472752753,0.6605500148260746,Multi-Family,23
160-24,1324 Massachusetts Ave,Higher Ed and Comm Mixed,4735.0,42.372849290394136,-71.11780564676506,,,,,,,7.0,942,,False,Small,156.58652256877804,0.8443795253476931,Other,51
69-110,282 Massachusetts Ave,Private College,10682.0,42.361798769431736,-71.09834181955404,,,,,,,5.0,942,Educ NonTax,False,Medium,628.0977548623958,0.3757772435568233,Educational,25
133-60,1152 Massachusetts Ave,Parklands,872.0,42.37112806565378,-71.11446545144055,,,,,,,7.0,920,City NonTax,False,Small,573.2651934371664,0.43027151991862167,Other,51
120-73,934 Massachusetts Ave,MXD SNGL-FAM-RES,3333.0,42.36843801122369,-71.10945525414151,,,,,,,7.0,101,,False,Small,808.8612901246714,0.19612891434005764,Residential,51
174-73,1702 Massachusetts Ave,RETAIL-STORE,4247.0,42.38321337128692,-71.11982450571057,,,,,,,9.0,325,,False,Small,582.9447679494127,0.42065166276031163,Commercial,42
169-93,1400 Massachusetts Ave,RETAIL-OFFIC,8879.0,42.37365529438855,-71.11955892738484,,,,,,,10.0,345,,False,Medium,62.34379906287023,0.9380408259751061,Commercial,5
90-185,575 Massachusetts Ave,RETAIL-OFFIC,5478.0,42.36502823178316,-71.10232248320456,,,,,,,4.0,345,,False,Small,103.99532063715723,0.8966462701024299,Commercial,23
119-94,770 Massachusetts Ave,Government Operations,40168.0,42.366418857459266,-71.10618092618634,,,,,,,7.0,930,Federal NonTax,False,Large,381.94956279856905,0.6204068442107031,Other,51
133-53,1244-1256 Massachusetts Ave,MXD >8-UNIT-APT,9347.0,42.37238335138375,-71.11624953017918,,,,,,,7.0,112,,False,Medium,333.8373319378717,0.6682222505451432,Multi-Family,51
153-85,1797 Massachusetts Ave,Private College,28064.0,42.386468690282314,-71.11868342971731,,,,,,,8.0,942,Educ NonTax,False,Large,217.23621585323718,0.7841040054523029,Educational,24
134-59,1033 Massachusetts Ave,RETAIL-OFFIC,22131.0,42.36995019564108,-71.11200538486816,,,,,,,6.0,345,,False,Large,875.7450691779404,0.1296577693649977,Commercial,34
133-30,1122 Massachusetts Ave,RETAIL-OFFIC,2842.0,42.370637338604745,-71.11394932277518,,,,,,,7.0,345,,False,Small,649.9588197115307,0.35405104878336857,Commercial,51
200-90,2060 Massachusetts Ave,>8-UNIT-APT,15259.0,42.39088342500203,-71.12288709744763,,,,,,,11.0,112,Authority NonTax,False,Large,512.0087978171389,0.4911499991484741,Multi-Family,28
107-136,675 Massachusetts Ave,GEN-OFFICE,44436.0,42.36614039654557,-71.1039055196026,,,,,,,6.0,340,,False,Large,178.03306983721282,0.8230652908221706,Commercial,34
56-5,176 Massachusetts Ave,Private College,8760.0,42.36057736801975,-71.09608183923999,,,,,,,5.0,942,Educ NonTax,False,Medium,913.0673179800339,0.09256577716546367,Educational,25
178-133,1906 Massachusetts Ave,RETAIL-OFFIC,15024.0,42.388787001189804,-71.12018753708695,,,,,,,11.0,345,,False,Large,138.63958893824247,0.8622157368192817,Commercial,28
106-123,618 Massachusetts Ave,RETAIL-OFFIC,10074.0,42.36481705846385,-71.10353063402962,,,,,,,5.0,345,,False,Medium,38.932614376052,0.9613075772469801,Commercial,25
92-58,372 Massachusetts Ave,Privately Owned Public Open Space,3800.0,42.3628206499532,-71.09996804007484,,,,,,,5.0,995,,False,Small,414.9904132560643,0.587569836614134,Other,25
133-20,1156-1162 Massachusetts Ave,RETAIL-OFFIC,2817.0,42.37122193955944,-71.11459785842742,,,,,,,7.0,345,,False,Small,555.3775145189604,0.44804884224504726,Commercial,51
91-87,489 Massachusetts Ave,RETAIL-OFFIC,7393.0,42.364196933972984,-71.10115555360979,,,,,,,4.0,345,,False,Medium,233.70275596765543,0.7677390543284827,Commercial,23
172-14,1558 Massachusetts Ave,>8-UNIT-APT,9178.0,42.37853729439691,-71.12079633203888,,,,,,,9.0,112,,False,Medium,583.1852191831358,0.42041269497107364,Multi-Family,42
116-54,923 Massachusetts Ave,MXD >8-UNIT-APT,8937.0,42.36865948964641,-71.1087735380081,,,,,,,6.0,112,,False,Medium,758.8852054670273,0.24579667557583323,Multi-Family,34
117-57,863 Massachusetts Ave,>8-UNIT-APT,6550.0,42.36774262315873,-71.10710178569218,,,,,,,6.0,112,,True,Medium,549.2143522341308,0.45417398139744847,Multi-Family,34
178-117,1960 Massachusetts Ave,GEN-OFFICE,9002.0,42.38971775559875,-71.12071017798253,,,,,,,11.0,340,,False,Medium,239.64662343618627,0.7618318570707053,Commercial,28
70-74,209 Massachusetts Ave,GEN-OFFICE,14833.0,42.36169108389503,-71.09669622539086,,,,,,,4.0,340,,False,Large,795.4345526021519,0.20947281668879686,Commercial,23
174-27,1688 Massachusetts Ave,EATING-ESTBL,5593.0,42.38273403309224,-71.1200796709097,,,,,,,9.0,326,,False,Small,640.2388231232311,0.3637110786369953,Other,42
152-47,1853 Massachusetts Ave,MXD >8-UNIT-APT,5972.0,42.387838698847226,-71.11895020117548,,,,,,,8.0,112,,False,Medium,62.54915565751976,0.9378367363113975,Multi-Family,24
179-42,1955 Massachusetts Ave,RETAIL-OFFIC,6707.0,42.38998225211148,-71.12003861416005,,,,,,,11.0,345,,False,Medium,210.0875836688727,0.7912085347272085,Commercial,28
179-75,1937 Massachusetts Ave,RETAIL-STORE,5886.0,42.389659250776766,-71.11993457627679,,,,,,,11.0,325,,False,Medium,174.06645192007102,0.8270074370101277,Commercial,28
160-48,1290 Massachusetts Ave,RETAIL-OFFIC,12231.0,42.372624710617,-71.11695472540512,,,,,,,7.0,345,,False,Medium,251.5157508820382,0.7500359552489447,Commercial,51
106-124,596 Massachusetts Ave,RETAIL-STORE,20854.0,42.36473937278971,-71.10337881537109,,,,,,,5.0,325,,False,Large,20.323961630258857,0.9798014254111369,Commercial,25
176-85,1776 Massachusetts Ave,MULTIUSE-RES,5000.0,42.38572589558106,-71.11959888383043,,,,,,,9.0,13,,True,Small,304.17840774206707,0.6976981964012152,Other,42
70-100,277 Massachusetts Ave,Private College,22473.0,42.36225964976635,-71.09770354185314,,,,,,,4.0,942,Educ NonTax,False,Large,667.53706945317,0.3365812466351718,Educational,23
200-79,2044 Massachusetts Ave,RETAIL-STORE,4606.0,42.39071468203418,-71.12264397415586,,,,,,,11.0,325,,False,Small,479.184577483403,0.5237717131033531,Commercial,28
119-23,798 Massachusetts Ave,Government Operations,13060.0,42.366543819991904,-71.10646572680966,,,,,,,7.0,930,City NonTax,False,Large,416.2817264073847,0.5862864901151085,Other,51
120-49,922 Massachusetts Ave,>8-UNIT-APT,4800.0,42.36826253406445,-71.10906299909155,,,,,,,7.0,112,,False,Small,761.5150717090921,0.24318303408135244,Multi-Family,51
121-114,1008 Massachusetts Ave,MXD >8-UNIT-APT,36661.0,42.36890918821012,-71.11129912698499,,,,,,,7.0,112,,True,Large,1000.8923637430502,0.005282560935931523,Multi-Family,51
179-51,1971 Massachusetts Ave,MXD >8-UNIT-APT,14026.0,42.39030448845588,-71.12033719485541,,,,,,,11.0,112,,True,Large,258.3026610794834,0.7432909163463464,Multi-Family,28
169-79,1448 Massachusetts Ave,Religious,14779.0,42.37450763495949,-71.11923595257565,,,,,,,10.0,960,Religious NonTax,False,Large,104.09615494627714,0.8965460578824441,Other,5
134-8,1137 Massachusetts Ave,>8-UNIT-APT,5716.0,42.37117940676144,-71.11395780497642,,,,,,,6.0,112,,True,Small,620.8364286355202,0.3829937716174378,Multi-Family,34
68-47,254 Massachusetts Ave,HIGH-TECH,143680.0,42.36092071540679,-71.09720441317934,,,,,,,5.0,406,,False,Large,786.6921173210376,0.21816131622084636,Other,25
154-65,1751 Massachusetts Ave,GEN-OFFICE,3192.0,42.38489891262987,-71.1190157516054,,,,,,,8.0,340,,False,Small,388.6246312065111,0.6137729570987117,Commercial,24
169-99,1430 Massachusetts Ave,RETAIL-OFFIC,14268.0,42.37414785811766,-71.11928392573294,,,,,,,10.0,345,,False,Large,68.49359661825812,0.9319289690995265,Commercial,5
105-89,730 Massachusetts Ave,RETAIL-OFFIC,8615.0,42.36586665094176,-71.10509634721762,,,,,,,7.0,345,,False,Medium,247.13913041918482,0.7543855745049896,Commercial,51
178-21,1924 Massachusetts Ave,HOTEL,14880.0,42.38918789776068,-71.12052414581179,,,,,,,11.0,300,,False,Large,190.44842061190238,0.8107265355523264,Other,28
156-25,1667-1673 Massachusetts Ave,EATING-ESTBL,12262.0,42.38211756837014,-71.11919729181862,,,,,,,8.0,326,,False,Medium,697.6936875276513,0.3066106773826502,Other,24
169-102,1416 Massachusetts Ave,RETAIL-OFFIC,17875.0,42.37391543141281,-71.11964895689972,,,,,,,10.0,345,,False,Large,80.09263698681826,0.9204014880746271,Commercial,5
179-81,1925 Massachusetts Ave,MXD >8-UNIT-APT,3779.0,42.389476257476566,-71.11965909225906,,,,,,,11.0,112,,False,Small,140.08590349628747,0.8607783451822035,Multi-Family,28
134-1,1173-1201 Massachusetts Ave,Private College,30902.0,42.3720573623614,-71.1148795538827,,,,,,,6.0,942,,False,Large,488.3723386421034,0.5146406350957873,Educational,34
181-38,2107 Massachusetts Ave,MXD 4-8-UNIT-APT,4300.0,42.39183212111072,-71.12357584674463,,,,,,,11.0,111,,True,Small,634.9144572430157,0.3690025962715205,Multi-Family,28
121-102,1038 Massachusetts Ave,MULTIUSE-RES,6319.0,42.3695935604357,-71.11269347124096,,,,,,,7.0,13,Educ NonTax,False,Medium,829.3405908706064,0.17577595898765871,Other,51
173-71,1622 Massachusetts Ave,>8-UNIT-APT,15659.0,42.38026453465618,-71.1202958726882,,,,,,,9.0,112,,False,Large,753.6181343512849,0.2510312519213119,Multi-Family,42
105-74,678 Massachusetts Ave,RETAIL-OFFIC,4236.0,42.36548631117522,-71.1045215278661,,,,,,,7.0,345,,False,Small,170.69191391431323,0.8303611560759407,Commercial,51
154-64,1753 Massachusetts Ave,GEN-OFFICE,3192.0,42.38501970185472,-71.11902957056762,,,,,,,8.0,340,,False,Small,375.2274506390836,0.6270874848416086,Commercial,24
133-33,1090-1100 Massachusetts Ave,RETAIL-OFFIC,12080.0,42.37039342063038,-71.11374913688428,,,,,,,7.0,345,,False,Medium,682.9316356618948,0.32128165596052843,Commercial,51
133-26,1134 Massachusetts Ave,MXD 4-8-UNIT-APT,1753.0,42.37081424912586,-71.11425741169184,,,,,,,7.0,111,,False,Small,610.5257493733772,0.3932408399758121,Multi-Family,51
200-22,2072 Massachusetts Ave,EATING-ESTBL,8515.0,42.391064454695915,-71.12321227991974,,,,,,,11.0,326,,False,Medium,553.2503345781529,0.450162898720846,Other,28
159-1,1341 Massachusetts Ave,Private College,981136.0,42.37445349471487,-71.1170045239854,,,,,,,6.0,942,Educ NonTax,False,Large,240.9077921042263,0.7605784690810027,Educational,34
92-132,424-464 Massachusetts Ave,MULTIUSE-COM,41161.0,42.3633742374364,-71.1011427174013,,,,,,,5.0,31,,False,Large,271.6680059014377,0.7300080279408598,Other,25
68-19,194 Massachusetts Ave,RETAIL-OFFIC,5990.0,42.36078695616752,-71.09649470606595,,,,,,,5.0,345,,False,Medium,861.7552665400681,0.1435612630442927,Commercial,25
91-205,385 Massachusetts Ave,Government Operations,15826.0,42.36346788994627,-71.10006982697634,,,,,,,4.0,930,,False,Large,373.3971093337177,0.628906534003976,Other,23
56-7,158 Massachusetts Ave,Private College,10740.0,42.3604356188093,-71.0958061492173,,,,,,,5.0,942,Educ NonTax,False,Medium,947.435402780696,0.058409723490917144,Educational,25
93-80,502 Massachusetts Ave,EATING-ESTBL,5038.0,42.3639462457157,-71.10187040576025,,,,,,,5.0,326,,False,Small,169.6509403578744,0.8313957074300163,Other,25
116-117,955 Massachusetts Ave,INV-OFFICE,28940.0,42.369215957686365,-71.1099002738735,,,,,,,6.0,346,,False,Large,896.887856547127,0.10864542071653456,Commercial,34
119-4,898 Massachusetts Ave,MULTIUSE-RES,9796.0,42.36788947888946,-71.10850373091886,,,,,,,7.0,13,,False,Medium,686.9665910413636,0.3172715939127043,Other,51
133-29,1124 Massachusetts Ave,MXD THREE-FM-RES,1450.0,42.37073305844941,-71.11402621099103,,,,,,,7.0,105,,False,Small,637.2398821179173,0.36669151791775273,Residential,51
119-22,820  Massachusetts Ave,MXD BOARDING-HS,24000.0,42.36671261958666,-71.10666158373255,,,,,,,7.0,121,,True,Large,444.4604048820518,0.5582816577236341,Other,51
200-48,2014 Massachusetts Ave,MXD 4-8-UNIT-APT,4681.0,42.39039332909372,-71.12187411772942,,,,,,,11.0,111,,False,Small,388.24483183473626,0.6141504133289074,Multi-Family,28
133-43,1200 Massachusetts Ave,MULTIUSE-RES,15668.0,42.37158095832642,-71.11515950143504,,,,,,,7.0,13,,False,Large,481.6166886289049,0.5213546066713233,Other,51
134-50,1073-1081 Massachusetts Ave,MXD >8-UNIT-APT,8946.0,42.37034942259019,-71.11299525259314,,,,,,,6.0,112,,False,Medium,757.9215003069862,0.24675443523464802,Multi-Family,34
175-37,1740 Massachusetts Ave,RETAIL-STORE,12424.0,42.38454810743686,-71.11974950102116,,,,,,,9.0,325,,False,Medium,435.5788803459394,0.5671083884107456,Commercial,42
173-43,1626 Massachusetts Ave,BOARDING-HSE,9546.0,42.38070483180628,-71.12009638797937,,,,,,,9.0,121,Religious NonTax,False,Medium,797.9711300376625,0.2069518884631055,Other,42
174-33,1676 Massachusetts Ave,RETAIL-STORE,4347.0,42.38231258023155,-71.12006493394559,,,,,,,9.0,325,,False,Small,685.965305326342,0.31826670227629794,Commercial,42
160-46,1270 Massachusetts Ave,Higher Ed and Comm Mixed,5228.0,42.372486275063395,-71.11665351439456,,,,,,,7.0,942,,False,Small,288.30907458412355,0.7134696249886918,Other,51
178-118,1950 Massachusetts Ave,FRAT-ORGANIZ,12484.0,42.3894671408575,-71.12049054422668,,,,,,,11.0,353,Other NonTax,False,Medium,203.48185342564173,0.7977735114507013,Other,28
158-25,1525 Massachusetts Ave,Parklands,62932.0,42.37575058492887,-71.11896569341405,,,,,,,9.0,920,City NonTax,False,Large,238.74529843108274,0.7627276214239151,Other,42
120-45,938 Massachusetts Ave,MULTIUSE-COM,6579.0,42.36848884479924,-71.1096329641384,,,,,,,7.0,31,,False,Medium,828.705308177786,0.17640732235516488,Other,51
156-68,1675-1679 Massachusetts Ave,MXD 4-8-UNIT-APT,11370.0,42.38236514508422,-71.11932189349433,,,,,,,8.0,111,,False,Medium,670.8211259131738,0.333317450896517,Multi-Family,24
133-14,1218 Massachusetts Ave,RETAIL-OFFIC,2017.0,42.371996392308546,-71.11552388613401,,,,,,,7.0,345,,False,Small,424.92744539512165,0.577694110193068,Commercial,51
93-79,512 Massachusetts Ave,EATING-ESTBL,2385.0,42.36405417423826,-71.10196097732626,,,,,,,5.0,326,,False,Small,155.093182529641,0.8458636523459521,Other,25
120-40,950 Massachusetts Ave,MULTIUSE-RES,41363.0,42.36855418801958,-71.11008476999812,,,,,,,7.0,13,,True,Large,875.8091555018401,0.12959407841650236,Other,51
106-103,576 Massachusetts Ave,MXD >8-UNIT-APT,16571.0,42.36450664125693,-71.1031039670075,,,,,,,5.0,112,,False,Large,23.964162003141762,0.9761836829607372,Multi-Family,25
